[{"packageName":"android.support.design","superClass":null,"className":"R","associations":[],"usages":[],"interfaces":[],"type":"CLASS"},{"packageName":"android.support.v7.recyclerview","superClass":null,"className":"R","associations":[],"usages":[],"interfaces":[],"type":"CLASS"},{"packageName":"com.example.subhashvaikunth.testproject2","superClass":null,"className":"ADPTItems","associations":["com.example.subhashvaikunth.testproject2.ImgViewAndPath","com.example.subhashvaikunth.testproject2.MODELItem"],"usages":["com.example.subhashvaikunth.testproject2.GridFragment"],"interfaces":[],"type":"CLASS"},{"packageName":"com.example.subhashvaikunth.testproject2","superClass":null,"className":"ApplicationTest","associations":[],"usages":[],"interfaces":[],"type":"CLASS"},{"packageName":"com.example.subhashvaikunth.testproject2","superClass":null,"className":"ADPTList","associations":[],"usages":["com.example.subhashvaikunth.testproject2.CartListFragment"],"interfaces":[],"type":"CLASS"},{"packageName":"android.support.v7.appcompat","superClass":null,"className":"R","associations":[],"usages":[],"interfaces":[],"type":"CLASS"},{"packageName":"com.example.subhashvaikunth.testproject2.test","superClass":null,"className":"BuildConfig","associations":[],"usages":[],"interfaces":[],"type":"CLASS"},{"packageName":"com.example.subhashvaikunth.testproject2","superClass":null,"className":"DetailsFragment","associations":["com.example.subhashvaikunth.testproject2.ImgViewAndPath","com.example.subhashvaikunth.testproject2.MODELItem"],"usages":["com.example.subhashvaikunth.testproject2.ParentActivity"],"interfaces":[],"type":"CLASS"},{"packageName":"com.example.subhashvaikunth.testproject2","superClass":null,"className":"CartListFragment","associations":["com.example.subhashvaikunth.testproject2.ADPTList"],"usages":["com.example.subhashvaikunth.testproject2.ParentActivity"],"interfaces":[],"type":"CLASS"},{"packageName":"com.example.subhashvaikunth.testproject2","superClass":null,"className":"BuildConfig","associations":[],"usages":[],"interfaces":[],"type":"CLASS"},{"packageName":"com.example.subhashvaikunth.testproject2","superClass":null,"className":"ImgViewAndPath","associations":[],"usages":["com.example.subhashvaikunth.testproject2.ADPTItems","com.example.subhashvaikunth.testproject2.DetailsFragment"],"interfaces":[],"type":"CLASS"},{"packageName":"com.example.subhashvaikunth.testproject2","superClass":null,"className":"ExampleUnitTest","associations":[],"usages":[],"interfaces":[],"type":"CLASS"},{"packageName":"com.example.subhashvaikunth.testproject2","superClass":null,"className":"GridFragment","associations":["com.example.subhashvaikunth.testproject2.ADPTItems","com.example.subhashvaikunth.testproject2.MODELItem"],"usages":["com.example.subhashvaikunth.testproject2.ParentActivity"],"interfaces":[],"type":"CLASS"},{"packageName":"com.example.subhashvaikunth.testproject2","superClass":null,"className":"MODELItem","associations":[],"usages":["com.example.subhashvaikunth.testproject2.GridFragment","com.example.subhashvaikunth.testproject2.ParentActivity","com.example.subhashvaikunth.testproject2.ADPTItems","com.example.subhashvaikunth.testproject2.DetailsFragment"],"interfaces":[],"type":"CLASS"},{"packageName":"com.example.subhashvaikunth.testproject2","superClass":null,"className":"ParentActivity","associations":["com.example.subhashvaikunth.testproject2.GridFragment","com.example.subhashvaikunth.testproject2.CartListFragment","com.example.subhashvaikunth.testproject2.DetailsFragment","com.example.subhashvaikunth.testproject2.MODELItem"],"usages":[],"interfaces":[],"type":"CLASS"},{"packageName":"com.example.subhashvaikunth.testproject2","superClass":null,"className":"Media_gallery_entries","associations":[],"usages":[],"interfaces":[],"type":"CLASS"},{"packageName":"com.example.subhashvaikunth.testproject2","superClass":null,"className":"R","associations":[],"usages":[],"interfaces":[],"type":"CLASS"}]